,Total energy consumption (Billion Btu),State
1960  ,61433,Alaska
1961  ,72173,Alaska
1962  ,78812,Alaska
1963  ,80788,Alaska
1964  ,85067,Alaska
1965  ,87782,Alaska
1966  ,102696,Alaska
1967  ,115172,Alaska
1968  ,122533,Alaska
1969  ,156631,Alaska
1970  ,182039,Alaska
1971  ,200962,Alaska
1972  ,214377,Alaska
1973  ,196965,Alaska
1974  ,201488,Alaska
1975  ,232172,Alaska
1976  ,254649,Alaska
1977  ,293489,Alaska
1978  ,324010,Alaska
1979  ,299774,Alaska
1980  ,295745,Alaska
1981  ,279661,Alaska
1982  ,409057,Alaska
1983  ,437627,Alaska
1984  ,482889,Alaska
1985  ,474429,Alaska
1986  ,504252,Alaska
1987  ,499211,Alaska
1988  ,521398,Alaska
1989  ,576192,Alaska
1990  ,584082,Alaska
1991  ,602660,Alaska
1992  ,627237,Alaska
1993  ,623613,Alaska
1994  ,623042,Alaska
1995  ,704062,Alaska
1996  ,718749,Alaska
1997  ,708741,Alaska
1998  ,723206,Alaska
1999  ,725331,Alaska
2000  ,742061,Alaska
2001  ,735738,Alaska
2002  ,732897,Alaska
2003  ,733462,Alaska
2004  ,775000,Alaska
2005  ,797659,Alaska
2006  ,746273,Alaska
2007  ,722978,Alaska
2008  ,650286,Alaska
2009  ,639557,Alaska
2010  ,655575,Alaska
2011  ,655820,Alaska
2012  ,651177,Alaska
2013  ,618287,Alaska
2014  ,605257,Alaska
2015  ,623778,Alaska
2016  ,607651,Alaska
2017  ,609779,Alaska
1960  ,866594,Alabama
1961  ,831311,Alabama
1962  ,881239,Alabama
1963  ,913155,Alabama
1964  ,979212,Alabama
1965  ,1044616,Alabama
1966  ,1088204,Alabama
1967  ,1138573,Alabama
1968  ,1246669,Alabama
1969  ,1343138,Alabama
1970  ,1393497,Alabama
1971  ,1384940,Alabama
1972  ,1478039,Alabama
1973  ,1527209,Alabama
1974  ,1547657,Alabama
1975  ,1515130,Alabama
1976  ,1551806,Alabama
1977  ,1623443,Alabama
1978  ,1638359,Alabama
1979  ,1648767,Alabama
1980  ,1644874,Alabama
1981  ,1604035,Alabama
1982  ,1499050,Alabama
1983  ,1445946,Alabama
1984  ,1544598,Alabama
1985  ,1519675,Alabama
1986  ,1504733,Alabama
1987  ,1582639,Alabama
1988  ,1651726,Alabama
1989  ,1683173,Alabama
1990  ,1665451,Alabama
1991  ,1682843,Alabama
1992  ,1753322,Alabama
1993  ,1805267,Alabama
1994  ,1897364,Alabama
1995  ,1971541,Alabama
1996  ,2004503,Alabama
1997  ,1972007,Alabama
1998  ,2017820,Alabama
1999  ,2060734,Alabama
2000  ,2110818,Alabama
2001  ,1917019,Alabama
2002  ,1977985,Alabama
2003  ,1969758,Alabama
2004  ,2083052,Alabama
2005  ,2064521,Alabama
2006  ,2102014,Alabama
2007  ,2085243,Alabama
2008  ,2002434,Alabama
2009  ,1800085,Alabama
2010  ,1942109,Alabama
2011  ,1916766,Alabama
2012  ,1890047,Alabama
2013  ,1933761,Alabama
2014  ,1970386,Alabama
2015  ,1923945,Alabama
2016  ,1929391,Alabama
2017  ,1901185,Alabama
1960  ,425974,Arkansas
1961  ,431586,Arkansas
1962  ,456788,Arkansas
1963  ,484672,Arkansas
1964  ,527123,Arkansas
1965  ,528740,Arkansas
1966  ,566110,Arkansas
1967  ,596737,Arkansas
1968  ,635396,Arkansas
1969  ,681052,Arkansas
1970  ,708904,Arkansas
1971  ,700736,Arkansas
1972  ,744634,Arkansas
1973  ,820083,Arkansas
1974  ,798333,Arkansas
1975  ,785659,Arkansas
1976  ,840830,Arkansas
1977  ,886292,Arkansas
1978  ,887040,Arkansas
1979  ,872687,Arkansas
1980  ,859238,Arkansas
1981  ,821800,Arkansas
1982  ,792462,Arkansas
1983  ,796587,Arkansas
1984  ,799005,Arkansas
1985  ,789513,Arkansas
1986  ,759564,Arkansas
1987  ,736170,Arkansas
1988  ,817720,Arkansas
1989  ,882855,Arkansas
1990  ,855785,Arkansas
1991  ,845361,Arkansas
1992  ,874311,Arkansas
1993  ,948491,Arkansas
1994  ,979356,Arkansas
1995  ,1030171,Arkansas
1996  ,1047838,Arkansas
1997  ,1067028,Arkansas
1998  ,1087099,Arkansas
1999  ,1104381,Arkansas
2000  ,1144789,Arkansas
2001  ,1099774,Arkansas
2002  ,1122195,Arkansas
2003  ,1103975,Arkansas
2004  ,1095132,Arkansas
2005  ,1118426,Arkansas
2006  ,1114556,Arkansas
2007  ,1128251,Arkansas
2008  ,1109716,Arkansas
2009  ,1041610,Arkansas
2010  ,1126998,Arkansas
2011  ,1129160,Arkansas
2012  ,1072640,Arkansas
2013  ,1104635,Arkansas
2014  ,1121935,Arkansas
2015  ,1062299,Arkansas
2016  ,1054629,Arkansas
2017  ,1057948,Arkansas
1960  ,282993,Arizona
1961  ,304835,Arizona
1962  ,324913,Arizona
1963  ,348302,Arizona
1964  ,369663,Arizona
1965  ,375200,Arizona
1966  ,403460,Arizona
1967  ,414501,Arizona
1968  ,456156,Arizona
1969  ,498192,Arizona
1970  ,520401,Arizona
1971  ,554212,Arizona
1972  ,616452,Arizona
1973  ,670117,Arizona
1974  ,676309,Arizona
1975  ,660004,Arizona
1976  ,691884,Arizona
1977  ,738889,Arizona
1978  ,747985,Arizona
1979  ,786479,Arizona
1980  ,754491,Arizona
1981  ,787920,Arizona
1982  ,746494,Arizona
1983  ,758000,Arizona
1984  ,802626,Arizona
1985  ,843102,Arizona
1986  ,852973,Arizona
1987  ,865824,Arizona
1988  ,906415,Arizona
1989  ,943115,Arizona
1990  ,938852,Arizona
1991  ,944604,Arizona
1992  ,973001,Arizona
1993  ,987611,Arizona
1994  ,1041885,Arizona
1995  ,1078262,Arizona
1996  ,1144457,Arizona
1997  ,1168472,Arizona
1998  ,1222111,Arizona
1999  ,1263667,Arizona
2000  ,1310640,Arizona
2001  ,1320938,Arizona
2002  ,1314854,Arizona
2003  ,1333910,Arizona
2004  ,1384481,Arizona
2005  ,1425513,Arizona
2006  ,1471166,Arizona
2007  ,1497717,Arizona
2008  ,1465323,Arizona
2009  ,1380037,Arizona
2010  ,1383847,Arizona
2011  ,1424223,Arizona
2012  ,1394090,Arizona
2013  ,1411593,Arizona
2014  ,1420254,Arizona
2015  ,1442262,Arizona
2016  ,1473615,Arizona
2017  ,1474185,Arizona
1960  ,3449919,California
1961  ,3609108,California
1962  ,3724117,California
1963  ,3923736,California
1964  ,4219633,California
1965  ,4385719,California
1966  ,4645217,California
1967  ,4841003,California
1968  ,5115122,California
1969  ,5356783,California
1970  ,5499139,California
1971  ,5747656,California
1972  ,5872011,California
1973  ,6047069,California
1974  ,5816324,California
1975  ,6032845,California
1976  ,6186312,California
1977  ,6361466,California
1978  ,6472696,California
1979  ,6727621,California
1980  ,6540472,California
1981  ,6332205,California
1982  ,6076050,California
1983  ,6092316,California
1984  ,6533180,California
1985  ,6601489,California
1986  ,6501121,California
1987  ,6938475,California
1988  ,7143783,California
1989  ,7420327,California
1990  ,7443750,California
1991  ,7342269,California
1992  ,7308211,California
1993  ,7146526,California
1994  ,7273603,California
1995  ,7297478,California
1996  ,7422343,California
1997  ,7538784,California
1998  ,7831111,California
1999  ,7852568,California
2000  ,7921270,California
2001  ,7955161,California
2002  ,8008106,California
2003  ,7892263,California
2004  ,8260251,California
2005  ,8166063,California
2006  ,8289275,California
2007  ,8260045,California
2008  ,8075584,California
2009  ,7774671,California
2010  ,7760681,California
2011  ,7768811,California
2012  ,7549460,California
2013  ,7638047,California
2014  ,7584864,California
2015  ,7671690,California
2016  ,7825682,California
2017  ,7889447,California
1960  ,424556,Colorado
1961  ,461749,Colorado
1962  ,468348,Colorado
1963  ,465929,Colorado
1964  ,498054,Colorado
1965  ,508687,Colorado
1966  ,531922,Colorado
1967  ,555487,Colorado
1968  ,622770,Colorado
1969  ,648877,Colorado
1970  ,677623,Colorado
1971  ,691909,Colorado
1972  ,756325,Colorado
1973  ,801930,Colorado
1974  ,787106,Colorado
1975  ,784438,Colorado
1976  ,818799,Colorado
1977  ,835096,Colorado
1978  ,850246,Colorado
1979  ,856031,Colorado
1980  ,838088,Colorado
1981  ,816311,Colorado
1982  ,833092,Colorado
1983  ,831430,Colorado
1984  ,867717,Colorado
1985  ,869749,Colorado
1986  ,859444,Colorado
1987  ,866162,Colorado
1988  ,899364,Colorado
1989  ,915127,Colorado
1990  ,932807,Colorado
1991  ,983584,Colorado
1992  ,983800,Colorado
1993  ,1050950,Colorado
1994  ,1052369,Colorado
1995  ,1077829,Colorado
1996  ,1127851,Colorado
1997  ,1124639,Colorado
1998  ,1169337,Colorado
1999  ,1188948,Colorado
2000  ,1250523,Colorado
2001  ,1352595,Colorado
2002  ,1352726,Colorado
2003  ,1353967,Colorado
2004  ,1381594,Colorado
2005  ,1415616,Colorado
2006  ,1431991,Colorado
2007  ,1483753,Colorado
2008  ,1487542,Colorado
2009  ,1465450,Colorado
2010  ,1515571,Colorado
2011  ,1472721,Colorado
2012  ,1441405,Colorado
2013  ,1468349,Colorado
2014  ,1482819,Colorado
2015  ,1490546,Colorado
2016  ,1453421,Colorado
2017  ,1463650,Colorado
1960  ,507999,Connecticut
1961  ,518130,Connecticut
1962  ,536644,Connecticut
1963  ,545224,Connecticut
1964  ,563507,Connecticut
1965  ,569505,Connecticut
1966  ,609289,Connecticut
1967  ,624114,Connecticut
1968  ,648770,Connecticut
1969  ,667657,Connecticut
1970  ,693930,Connecticut
1971  ,682588,Connecticut
1972  ,717611,Connecticut
1973  ,743064,Connecticut
1974  ,714126,Connecticut
1975  ,689513,Connecticut
1976  ,742109,Connecticut
1977  ,748110,Connecticut
1978  ,768737,Connecticut
1979  ,755692,Connecticut
1980  ,728226,Connecticut
1981  ,695795,Connecticut
1982  ,696739,Connecticut
1983  ,688418,Connecticut
1984  ,715073,Connecticut
1985  ,723070,Connecticut
1986  ,739744,Connecticut
1987  ,763522,Connecticut
1988  ,795471,Connecticut
1989  ,811311,Connecticut
1990  ,768226,Connecticut
1991  ,767326,Connecticut
1992  ,800838,Connecticut
1993  ,789110,Connecticut
1994  ,790736,Connecticut
1995  ,773815,Connecticut
1996  ,812821,Connecticut
1997  ,803070,Connecticut
1998  ,782381,Connecticut
1999  ,825476,Connecticut
2000  ,864592,Connecticut
2001  ,829761,Connecticut
2002  ,815941,Connecticut
2003  ,894921,Connecticut
2004  ,907520,Connecticut
2005  ,863719,Connecticut
2006  ,810222,Connecticut
2007  ,841986,Connecticut
2008  ,774577,Connecticut
2009  ,766453,Connecticut
2010  ,767342,Connecticut
2011  ,740999,Connecticut
2012  ,725749,Connecticut
2013  ,754170,Connecticut
2014  ,752239,Connecticut
2015  ,756544,Connecticut
2016  ,724490,Connecticut
2017  ,726515,Connecticut
1960  ,119871,District of Columbia
1961  ,118175,District of Columbia
1962  ,120458,District of Columbia
1963  ,121016,District of Columbia
1964  ,132268,District of Columbia
1965  ,159170,District of Columbia
1966  ,169525,District of Columbia
1967  ,182216,District of Columbia
1968  ,181890,District of Columbia
1969  ,195629,District of Columbia
1970  ,205891,District of Columbia
1971  ,199397,District of Columbia
1972  ,188830,District of Columbia
1973  ,193442,District of Columbia
1974  ,171284,District of Columbia
1975  ,163161,District of Columbia
1976  ,164436,District of Columbia
1977  ,163353,District of Columbia
1978  ,160278,District of Columbia
1979  ,152431,District of Columbia
1980  ,153262,District of Columbia
1981  ,149271,District of Columbia
1982  ,163811,District of Columbia
1983  ,162575,District of Columbia
1984  ,167024,District of Columbia
1985  ,165934,District of Columbia
1986  ,174696,District of Columbia
1987  ,174233,District of Columbia
1988  ,174976,District of Columbia
1989  ,180533,District of Columbia
1990  ,181020,District of Columbia
1991  ,187140,District of Columbia
1992  ,186771,District of Columbia
1993  ,193377,District of Columbia
1994  ,188706,District of Columbia
1995  ,190966,District of Columbia
1996  ,188509,District of Columbia
1997  ,185242,District of Columbia
1998  ,181604,District of Columbia
1999  ,185703,District of Columbia
2000  ,192565,District of Columbia
2001  ,188715,District of Columbia
2002  ,192666,District of Columbia
2003  ,189118,District of Columbia
2004  ,196856,District of Columbia
2005  ,196004,District of Columbia
2006  ,182510,District of Columbia
2007  ,194920,District of Columbia
2008  ,186833,District of Columbia
2009  ,195105,District of Columbia
2010  ,190334,District of Columbia
2011  ,183642,District of Columbia
2012  ,172813,District of Columbia
2013  ,174775,District of Columbia
2014  ,179278,District of Columbia
2015  ,178216,District of Columbia
2016  ,174223,District of Columbia
2017  ,166870,District of Columbia
1960  ,156406,Delaware
1961  ,150335,Delaware
1962  ,161918,Delaware
1963  ,172781,Delaware
1964  ,173156,Delaware
1965  ,184269,Delaware
1966  ,192519,Delaware
1967  ,187575,Delaware
1968  ,206901,Delaware
1969  ,219454,Delaware
1970  ,219722,Delaware
1971  ,222353,Delaware
1972  ,232526,Delaware
1973  ,246392,Delaware
1974  ,228887,Delaware
1975  ,218797,Delaware
1976  ,229178,Delaware
1977  ,227666,Delaware
1978  ,226261,Delaware
1979  ,244675,Delaware
1980  ,242340,Delaware
1981  ,195218,Delaware
1982  ,186552,Delaware
1983  ,197917,Delaware
1984  ,220487,Delaware
1985  ,214953,Delaware
1986  ,217072,Delaware
1987  ,227480,Delaware
1988  ,234133,Delaware
1989  ,241618,Delaware
1990  ,255404,Delaware
1991  ,253279,Delaware
1992  ,264211,Delaware
1993  ,268583,Delaware
1994  ,263874,Delaware
1995  ,265066,Delaware
1996  ,275689,Delaware
1997  ,276148,Delaware
1998  ,273673,Delaware
1999  ,286866,Delaware
2000  ,305090,Delaware
2001  ,292481,Delaware
2002  ,308812,Delaware
2003  ,303838,Delaware
2004  ,289790,Delaware
2005  ,302444,Delaware
2006  ,288565,Delaware
2007  ,293707,Delaware
2008  ,291534,Delaware
2009  ,259452,Delaware
2010  ,250321,Delaware
2011  ,272754,Delaware
2012  ,273643,Delaware
2013  ,274261,Delaware
2014  ,274337,Delaware
2015  ,277857,Delaware
2016  ,273785,Delaware
2017  ,270514,Delaware
1960  ,809559,Florida
1961  ,848703,Florida
1962  ,949391,Florida
1963  ,994376,Florida
1964  ,1049548,Florida
1965  ,1111530,Florida
1966  ,1180231,Florida
1967  ,1223737,Florida
1968  ,1349462,Florida
1969  ,1453793,Florida
1970  ,1577450,Florida
1971  ,1674133,Florida
1972  ,1804005,Florida
1973  ,1995319,Florida
1974  ,1929045,Florida
1975  ,1939837,Florida
1976  ,2062020,Florida
1977  ,2217477,Florida
1978  ,2327321,Florida
1979  ,2422499,Florida
1980  ,2511917,Florida
1981  ,2482043,Florida
1982  ,2402137,Florida
1983  ,2457345,Florida
1984  ,2551259,Florida
1985  ,2698976,Florida
1986  ,2781956,Florida
1987  ,2870556,Florida
1988  ,3042056,Florida
1989  ,3248530,Florida
1990  ,3280693,Florida
1991  ,3245706,Florida
1992  ,3307780,Florida
1993  ,3337130,Florida
1994  ,3458501,Florida
1995  ,3601062,Florida
1996  ,3689160,Florida
1997  ,3709379,Florida
1998  ,3838316,Florida
1999  ,3889381,Florida
2000  ,4044221,Florida
2001  ,4032179,Florida
2002  ,4146011,Florida
2003  ,4160183,Florida
2004  ,4313250,Florida
2005  ,4379203,Florida
2006  ,4433364,Florida
2007  ,4416980,Florida
2008  ,4265319,Florida
2009  ,4115211,Florida
2010  ,4277598,Florida
2011  ,4129153,Florida
2012  ,4013772,Florida
2013  ,4059275,Florida
2014  ,4096226,Florida
2015  ,4245818,Florida
2016  ,4227711,Florida
2017  ,4211744,Florida
1960  ,701005,Georgia
1961  ,705734,Georgia
1962  ,764902,Georgia
1963  ,802968,Georgia
1964  ,857040,Georgia
1965  ,917174,Georgia
1966  ,997589,Georgia
1967  ,1062811,Georgia
1968  ,1154038,Georgia
1969  ,1228189,Georgia
1970  ,1280820,Georgia
1971  ,1348865,Georgia
1972  ,1435584,Georgia
1973  ,1555110,Georgia
1974  ,1495568,Georgia
1975  ,1489772,Georgia
1976  ,1552529,Georgia
1977  ,1628701,Georgia
1978  ,1683045,Georgia
1979  ,1729590,Georgia
1980  ,1717236,Georgia
1981  ,1694324,Georgia
1982  ,1679709,Georgia
1983  ,1749228,Georgia
1984  ,1875179,Georgia
1985  ,1931023,Georgia
1986  ,1953662,Georgia
1987  ,2049053,Georgia
1988  ,2138263,Georgia
1989  ,2219567,Georgia
1990  ,2229497,Georgia
1991  ,2222310,Georgia
1992  ,2266409,Georgia
1993  ,2418511,Georgia
1994  ,2435118,Georgia
1995  ,2615810,Georgia
1996  ,2773234,Georgia
1997  ,2750809,Georgia
1998  ,2783020,Georgia
1999  ,2801452,Georgia
2000  ,2917685,Georgia
2001  ,2817370,Georgia
2002  ,2932811,Georgia
2003  ,2953949,Georgia
2004  ,3092967,Georgia
2005  ,3107419,Georgia
2006  ,3088796,Georgia
2007  ,3078121,Georgia
2008  ,2946770,Georgia
2009  ,2913871,Georgia
2010  ,3110972,Georgia
2011  ,2994489,Georgia
2012  ,2776807,Georgia
2013  ,2792294,Georgia
2014  ,2860379,Georgia
2015  ,2855969,Georgia
2016  ,2830758,Georgia
2017  ,2803233,Georgia
1960  ,94839,Hawaii
1961  ,113754,Hawaii
1962  ,108286,Hawaii
1963  ,114265,Hawaii
1964  ,123433,Hawaii
1965  ,130560,Hawaii
1966  ,145474,Hawaii
1967  ,163865,Hawaii
1968  ,182799,Hawaii
1969  ,190862,Hawaii
1970  ,196947,Hawaii
1971  ,211673,Hawaii
1972  ,218057,Hawaii
1973  ,224312,Hawaii
1974  ,212103,Hawaii
1975  ,214378,Hawaii
1976  ,220042,Hawaii
1977  ,233334,Hawaii
1978  ,236970,Hawaii
1979  ,256604,Hawaii
1980  ,262347,Hawaii
1981  ,236718,Hawaii
1982  ,218095,Hawaii
1983  ,221150,Hawaii
1984  ,232426,Hawaii
1985  ,248554,Hawaii
1986  ,245329,Hawaii
1987  ,249461,Hawaii
1988  ,289691,Hawaii
1989  ,309767,Hawaii
1990  ,321420,Hawaii
1991  ,295150,Hawaii
1992  ,306030,Hawaii
1993  ,282651,Hawaii
1994  ,299033,Hawaii
1995  ,296774,Hawaii
1996  ,283060,Hawaii
1997  ,273483,Hawaii
1998  ,273387,Hawaii
1999  ,269352,Hawaii
2000  ,273307,Hawaii
2001  ,270115,Hawaii
2002  ,284651,Hawaii
2003  ,300905,Hawaii
2004  ,314701,Hawaii
2005  ,324677,Hawaii
2006  ,327116,Hawaii
2007  ,337594,Hawaii
2008  ,276444,Hawaii
2009  ,275905,Hawaii
2010  ,277125,Hawaii
2011  ,285580,Hawaii
2012  ,277993,Hawaii
2013  ,278471,Hawaii
2014  ,279320,Hawaii
2015  ,282840,Hawaii
2016  ,283204,Hawaii
2017  ,283990,Hawaii
1960  ,601996,Iowa
1961  ,600070,Iowa
1962  ,626526,Iowa
1963  ,644262,Iowa
1964  ,669473,Iowa
1965  ,696730,Iowa
1966  ,698683,Iowa
1967  ,747574,Iowa
1968  ,781902,Iowa
1969  ,821912,Iowa
1970  ,850609,Iowa
1971  ,862483,Iowa
1972  ,904471,Iowa
1973  ,962796,Iowa
1974  ,949663,Iowa
1975  ,942050,Iowa
1976  ,979112,Iowa
1977  ,979937,Iowa
1978  ,962094,Iowa
1979  ,1038993,Iowa
1980  ,983303,Iowa
1981  ,968673,Iowa
1982  ,969163,Iowa
1983  ,953081,Iowa
1984  ,936823,Iowa
1985  ,897903,Iowa
1986  ,901984,Iowa
1987  ,906929,Iowa
1988  ,978710,Iowa
1989  ,940800,Iowa
1990  ,945523,Iowa
1991  ,981701,Iowa
1992  ,972802,Iowa
1993  ,1034530,Iowa
1994  ,1066247,Iowa
1995  ,1104075,Iowa
1996  ,1147812,Iowa
1997  ,1134407,Iowa
1998  ,1143156,Iowa
1999  ,1193410,Iowa
2000  ,1189785,Iowa
2001  ,1161766,Iowa
2002  ,1190905,Iowa
2003  ,1186373,Iowa
2004  ,1241125,Iowa
2005  ,1273561,Iowa
2006  ,1301257,Iowa
2007  ,1377895,Iowa
2008  ,1441312,Iowa
2009  ,1448512,Iowa
2010  ,1501514,Iowa
2011  ,1500596,Iowa
2012  ,1431099,Iowa
2013  ,1521835,Iowa
2014  ,1544671,Iowa
2015  ,1497298,Iowa
2016  ,1527189,Iowa
2017  ,1559469,Iowa
1960  ,190661,Idaho
1961  ,202853,Idaho
1962  ,211160,Idaho
1963  ,213298,Idaho
1964  ,230412,Idaho
1965  ,234742,Idaho
1966  ,245066,Idaho
1967  ,266750,Idaho
1968  ,287248,Idaho
1969  ,286782,Idaho
1970  ,296399,Idaho
1971  ,311605,Idaho
1972  ,334033,Idaho
1973  ,337008,Idaho
1974  ,347813,Idaho
1975  ,358858,Idaho
1976  ,362198,Idaho
1977  ,366421,Idaho
1978  ,369908,Idaho
1979  ,384011,Idaho
1980  ,347655,Idaho
1981  ,361884,Idaho
1982  ,350310,Idaho
1983  ,345649,Idaho
1984  ,346809,Idaho
1985  ,354814,Idaho
1986  ,342134,Idaho
1987  ,345498,Idaho
1988  ,365706,Idaho
1989  ,399732,Idaho
1990  ,405394,Idaho
1991  ,415458,Idaho
1992  ,420042,Idaho
1993  ,435208,Idaho
1994  ,449909,Idaho
1995  ,463563,Idaho
1996  ,497186,Idaho
1997  ,499451,Idaho
1998  ,504230,Idaho
1999  ,527549,Idaho
2000  ,539795,Idaho
2001  ,500985,Idaho
2002  ,496318,Idaho
2003  ,469733,Idaho
2004  ,501895,Idaho
2005  ,510855,Idaho
2006  ,524107,Idaho
2007  ,541340,Idaho
2008  ,537344,Idaho
2009  ,502519,Idaho
2010  ,519029,Idaho
2011  ,518348,Idaho
2012  ,511607,Idaho
2013  ,528001,Idaho
2014  ,521358,Idaho
2015  ,537058,Idaho
2016  ,538147,Idaho
2017  ,553726,Idaho
1960  ,2523973,Illinois
1961  ,2558990,Illinois
1962  ,2656186,Illinois
1963  ,2719427,Illinois
1964  ,2849301,Illinois
1965  ,3026466,Illinois
1966  ,3185513,Illinois
1967  ,3315076,Illinois
1968  ,3450826,Illinois
1969  ,3634712,Illinois
1970  ,3696737,Illinois
1971  ,3722756,Illinois
1972  ,3929667,Illinois
1973  ,4019481,Illinois
1974  ,3956458,Illinois
1975  ,3860591,Illinois
1976  ,4019369,Illinois
1977  ,4099481,Illinois
1978  ,4199421,Illinois
1979  ,4049381,Illinois
1980  ,3768260,Illinois
1981  ,3547208,Illinois
1982  ,3394044,Illinois
1983  ,3472747,Illinois
1984  ,3502000,Illinois
1985  ,3434273,Illinois
1986  ,3416921,Illinois
1987  ,3472023,Illinois
1988  ,3702319,Illinois
1989  ,3619229,Illinois
1990  ,3580209,Illinois
1991  ,3644007,Illinois
1992  ,3622832,Illinois
1993  ,3725970,Illinois
1994  ,3743317,Illinois
1995  ,3853196,Illinois
1996  ,3938643,Illinois
1997  ,3913819,Illinois
1998  ,3826133,Illinois
1999  ,3995268,Illinois
2000  ,4013834,Illinois
2001  ,3883575,Illinois
2002  ,3898886,Illinois
2003  ,3925618,Illinois
2004  ,3972320,Illinois
2005  ,4117105,Illinois
2006  ,3967101,Illinois
2007  ,4073359,Illinois
2008  ,4077483,Illinois
2009  ,3859210,Illinois
2010  ,3955881,Illinois
2011  ,3938519,Illinois
2012  ,3818276,Illinois
2013  ,3975197,Illinois
2014  ,4045883,Illinois
2015  ,3893177,Illinois
2016  ,3900375,Illinois
2017  ,3875238,Illinois
1960  ,1530437,Indiana
1961  ,1551091,Indiana
1962  ,1580987,Indiana
1963  ,1635028,Indiana
1964  ,1714801,Indiana
1965  ,1798393,Indiana
1966  ,1919366,Indiana
1967  ,1952042,Indiana
1968  ,2043409,Indiana
1969  ,2157093,Indiana
1970  ,2219775,Indiana
1971  ,2236217,Indiana
1972  ,2435885,Indiana
1973  ,2474472,Indiana
1974  ,2432022,Indiana
1975  ,2377767,Indiana
1976  ,2410240,Indiana
1977  ,2485596,Indiana
1978  ,2535537,Indiana
1979  ,2585762,Indiana
1980  ,2400197,Indiana
1981  ,2359274,Indiana
1982  ,2177454,Indiana
1983  ,2197757,Indiana
1984  ,2271002,Indiana
1985  ,2301292,Indiana
1986  ,2262531,Indiana
1987  ,2380691,Indiana
1988  ,2484357,Indiana
1989  ,2517053,Indiana
1990  ,2491803,Indiana
1991  ,2474327,Indiana
1992  ,2460079,Indiana
1993  ,2566565,Indiana
1994  ,2551217,Indiana
1995  ,2617303,Indiana
1996  ,2702114,Indiana
1997  ,2681048,Indiana
1998  ,2670826,Indiana
1999  ,2784972,Indiana
2000  ,2866319,Indiana
2001  ,2770152,Indiana
2002  ,2855195,Indiana
2003  ,2936543,Indiana
2004  ,2928999,Indiana
2005  ,2954463,Indiana
2006  ,2891926,Indiana
2007  ,2956947,Indiana
2008  ,2916131,Indiana
2009  ,2712899,Indiana
2010  ,2866445,Indiana
2011  ,2850137,Indiana
2012  ,2770735,Indiana
2013  ,2896158,Indiana
2014  ,2933714,Indiana
2015  ,2850526,Indiana
2016  ,2799663,Indiana
2017  ,2702068,Indiana
1960  ,631316,Kansas
1961  ,618147,Kansas
1962  ,639460,Kansas
1963  ,641033,Kansas
1964  ,657075,Kansas
1965  ,723629,Kansas
1966  ,763521,Kansas
1967  ,722888,Kansas
1968  ,793842,Kansas
1969  ,839336,Kansas
1970  ,874267,Kansas
1971  ,908254,Kansas
1972  ,961171,Kansas
1973  ,966322,Kansas
1974  ,959652,Kansas
1975  ,924911,Kansas
1976  ,972467,Kansas
1977  ,981082,Kansas
1978  ,1037084,Kansas
1979  ,1132093,Kansas
1980  ,1022129,Kansas
1981  ,947309,Kansas
1982  ,944960,Kansas
1983  ,917190,Kansas
1984  ,1016638,Kansas
1985  ,1011726,Kansas
1986  ,974201,Kansas
1987  ,1015692,Kansas
1988  ,1069693,Kansas
1989  ,1042967,Kansas
1990  ,1064807,Kansas
1991  ,1059621,Kansas
1992  ,1046235,Kansas
1993  ,1074697,Kansas
1994  ,1100185,Kansas
1995  ,1064806,Kansas
1996  ,1094623,Kansas
1997  ,1083879,Kansas
1998  ,1072206,Kansas
1999  ,1090691,Kansas
2000  ,1097996,Kansas
2001  ,1047404,Kansas
2002  ,1083100,Kansas
2003  ,1123206,Kansas
2004  ,1103952,Kansas
2005  ,1049477,Kansas
2006  ,1077557,Kansas
2007  ,1156713,Kansas
2008  ,1113939,Kansas
2009  ,1088222,Kansas
2010  ,1116268,Kansas
2011  ,1103568,Kansas
2012  ,1073585,Kansas
2013  ,1102554,Kansas
2014  ,1134923,Kansas
2015  ,1104572,Kansas
2016  ,1092244,Kansas
2017  ,1075197,Kansas
1960  ,823236,Kentucky
1961  ,818917,Kentucky
1962  ,836442,Kentucky
1963  ,888319,Kentucky
1964  ,890219,Kentucky
1965  ,899590,Kentucky
1966  ,905831,Kentucky
1967  ,953994,Kentucky
1968  ,1014155,Kentucky
1969  ,1073330,Kentucky
1970  ,1104720,Kentucky
1971  ,1117666,Kentucky
1972  ,1203074,Kentucky
1973  ,1236974,Kentucky
1974  ,1228332,Kentucky
1975  ,1278425,Kentucky
1976  ,1400423,Kentucky
1977  ,1414018,Kentucky
1978  ,1400112,Kentucky
1979  ,1432637,Kentucky
1980  ,1367982,Kentucky
1981  ,1297313,Kentucky
1982  ,1262083,Kentucky
1983  ,1276623,Kentucky
1984  ,1375310,Kentucky
1985  ,1329732,Kentucky
1986  ,1304571,Kentucky
1987  ,1341279,Kentucky
1988  ,1419083,Kentucky
1989  ,1509038,Kentucky
1990  ,1462349,Kentucky
1991  ,1486558,Kentucky
1992  ,1548516,Kentucky
1993  ,1587070,Kentucky
1994  ,1634592,Kentucky
1995  ,1703188,Kentucky
1996  ,1721367,Kentucky
1997  ,1729804,Kentucky
1998  ,1688062,Kentucky
1999  ,1774843,Kentucky
2000  ,1765988,Kentucky
2001  ,1796301,Kentucky
2002  ,1947606,Kentucky
2003  ,1881794,Kentucky
2004  ,1955743,Kentucky
2005  ,1982425,Kentucky
2006  ,1972915,Kentucky
2007  ,2042892,Kentucky
2008  ,2007289,Kentucky
2009  ,1929512,Kentucky
2010  ,1992820,Kentucky
2011  ,1919165,Kentucky
2012  ,1880013,Kentucky
2013  ,1823656,Kentucky
2014  ,1772850,Kentucky
2015  ,1729122,Kentucky
2016  ,1704752,Kentucky
2017  ,1659099,Kentucky
1960  ,1502163,Louisiana
1961  ,1564830,Louisiana
1962  ,1580187,Louisiana
1963  ,1747248,Louisiana
1964  ,1866221,Louisiana
1965  ,1832996,Louisiana
1966  ,1973892,Louisiana
1967  ,2236542,Louisiana
1968  ,2422111,Louisiana
1969  ,2701453,Louisiana
1970  ,2836864,Louisiana
1971  ,2897554,Louisiana
1972  ,3083286,Louisiana
1973  ,3317510,Louisiana
1974  ,3408243,Louisiana
1975  ,3107626,Louisiana
1976  ,3535790,Louisiana
1977  ,3936486,Louisiana
1978  ,4095231,Louisiana
1979  ,4044689,Louisiana
1980  ,3908929,Louisiana
1981  ,3961906,Louisiana
1982  ,3637354,Louisiana
1983  ,3431465,Louisiana
1984  ,3575817,Louisiana
1985  ,3340207,Louisiana
1986  ,3500802,Louisiana
1987  ,3564236,Louisiana
1988  ,3601826,Louisiana
1989  ,3759315,Louisiana
1990  ,3853208,Louisiana
1991  ,3841451,Louisiana
1992  ,3960443,Louisiana
1993  ,4027617,Louisiana
1994  ,4162529,Louisiana
1995  ,4202218,Louisiana
1996  ,4381101,Louisiana
1997  ,4491357,Louisiana
1998  ,4222082,Louisiana
1999  ,4218619,Louisiana
2000  ,4537417,Louisiana
2001  ,4005733,Louisiana
2002  ,4140006,Louisiana
2003  ,3984517,Louisiana
2004  ,4187227,Louisiana
2005  ,4027364,Louisiana
2006  ,4230833,Louisiana
2007  ,4285426,Louisiana
2008  ,4227037,Louisiana
2009  ,4035477,Louisiana
2010  ,4211853,Louisiana
2011  ,4207288,Louisiana
2012  ,4069884,Louisiana
2013  ,3994187,Louisiana
2014  ,4031437,Louisiana
2015  ,4043655,Louisiana
2016  ,4159794,Louisiana
2017  ,4460103,Louisiana
1960  ,1054127,Massachusetts
1961  ,1079950,Massachusetts
1962  ,1111915,Massachusetts
1963  ,1083270,Massachusetts
1964  ,1119625,Massachusetts
1965  ,1245258,Massachusetts
1966  ,1247984,Massachusetts
1967  ,1326492,Massachusetts
1968  ,1373613,Massachusetts
1969  ,1402415,Massachusetts
1970  ,1464384,Massachusetts
1971  ,1493798,Massachusetts
1972  ,1546466,Massachusetts
1973  ,1581551,Massachusetts
1974  ,1475055,Massachusetts
1975  ,1420313,Massachusetts
1976  ,1499176,Massachusetts
1977  ,1486580,Massachusetts
1978  ,1471615,Massachusetts
1979  ,1308451,Massachusetts
1980  ,1246693,Massachusetts
1981  ,1215717,Massachusetts
1982  ,1234902,Massachusetts
1983  ,1231961,Massachusetts
1984  ,1292240,Massachusetts
1985  ,1313664,Massachusetts
1986  ,1383264,Massachusetts
1987  ,1404906,Massachusetts
1988  ,1427362,Massachusetts
1989  ,1459706,Massachusetts
1990  ,1406735,Massachusetts
1991  ,1365807,Massachusetts
1992  ,1432260,Massachusetts
1993  ,1435468,Massachusetts
1994  ,1439775,Massachusetts
1995  ,1423819,Massachusetts
1996  ,1449314,Massachusetts
1997  ,1442673,Massachusetts
1998  ,1422363,Massachusetts
1999  ,1469085,Massachusetts
2000  ,1520958,Massachusetts
2001  ,1516969,Massachusetts
2002  ,1532886,Massachusetts
2003  ,1497920,Massachusetts
2004  ,1497446,Massachusetts
2005  ,1491182,Massachusetts
2006  ,1419728,Massachusetts
2007  ,1457967,Massachusetts
2008  ,1435846,Massachusetts
2009  ,1375617,Massachusetts
2010  ,1419173,Massachusetts
2011  ,1400310,Massachusetts
2012  ,1364041,Massachusetts
2013  ,1428266,Massachusetts
2014  ,1433810,Massachusetts
2015  ,1449186,Massachusetts
2016  ,1421151,Massachusetts
2017  ,1423860,Massachusetts
1960  ,697260,Maryland
1961  ,699934,Maryland
1962  ,748394,Maryland
1963  ,775284,Maryland
1964  ,823757,Maryland
1965  ,859906,Maryland
1966  ,900300,Maryland
1967  ,915531,Maryland
1968  ,968996,Maryland
1969  ,1023972,Maryland
1970  ,1067972,Maryland
1971  ,1104522,Maryland
1972  ,1122760,Maryland
1973  ,1214593,Maryland
1974  ,1123057,Maryland
1975  ,1069386,Maryland
1976  ,1148110,Maryland
1977  ,1129827,Maryland
1978  ,1154687,Maryland
1979  ,1219177,Maryland
1980  ,1156510,Maryland
1981  ,1140938,Maryland
1982  ,1102129,Maryland
1983  ,1120386,Maryland
1984  ,1192374,Maryland
1985  ,1160048,Maryland
1986  ,1182435,Maryland
1987  ,1249115,Maryland
1988  ,1288359,Maryland
1989  ,1320439,Maryland
1990  ,1268899,Maryland
1991  ,1265252,Maryland
1992  ,1253052,Maryland
1993  ,1300726,Maryland
1994  ,1308886,Maryland
1995  ,1325478,Maryland
1996  ,1364479,Maryland
1997  ,1362168,Maryland
1998  ,1365626,Maryland
1999  ,1403954,Maryland
2000  ,1442911,Maryland
2001  ,1433507,Maryland
2002  ,1518868,Maryland
2003  ,1568832,Maryland
2004  ,1551347,Maryland
2005  ,1579051,Maryland
2006  ,1470967,Maryland
2007  ,1505828,Maryland
2008  ,1466629,Maryland
2009  ,1455418,Maryland
2010  ,1467052,Maryland
2011  ,1411383,Maryland
2012  ,1368473,Maryland
2013  ,1393684,Maryland
2014  ,1398840,Maryland
2015  ,1395929,Maryland
2016  ,1355805,Maryland
2017  ,1314980,Maryland
1960  ,232332,Maine
1961  ,244897,Maine
1962  ,237907,Maine
1963  ,241423,Maine
1964  ,242725,Maine
1965  ,232176,Maine
1966  ,244258,Maine
1967  ,256811,Maine
1968  ,271194,Maine
1969  ,288283,Maine
1970  ,302380,Maine
1971  ,353571,Maine
1972  ,380418,Maine
1973  ,378940,Maine
1974  ,354413,Maine
1975  ,324651,Maine
1976  ,380599,Maine
1977  ,396866,Maine
1978  ,384636,Maine
1979  ,363580,Maine
1980  ,381550,Maine
1981  ,380501,Maine
1982  ,426436,Maine
1983  ,391587,Maine
1984  ,418276,Maine
1985  ,423461,Maine
1986  ,444354,Maine
1987  ,433183,Maine
1988  ,484767,Maine
1989  ,478996,Maine
1990  ,457234,Maine
1991  ,460089,Maine
1992  ,480096,Maine
1993  ,484742,Maine
1994  ,485845,Maine
1995  ,466077,Maine
1996  ,481292,Maine
1997  ,482984,Maine
1998  ,453483,Maine
1999  ,454170,Maine
2000  ,490040,Maine
2001  ,444967,Maine
2002  ,446209,Maine
2003  ,450107,Maine
2004  ,461995,Maine
2005  ,458727,Maine
2006  ,450725,Maine
2007  ,450244,Maine
2008  ,455297,Maine
2009  ,413099,Maine
2010  ,421949,Maine
2011  ,420744,Maine
2012  ,404426,Maine
2013  ,415649,Maine
2014  ,416969,Maine
2015  ,426165,Maine
2016  ,395479,Maine
2017  ,392011,Maine
1960  ,1851644,Michigan
1961  ,1876674,Michigan
1962  ,1985156,Michigan
1963  ,2072621,Michigan
1964  ,2140394,Michigan
1965  ,2278302,Michigan
1966  ,2430278,Michigan
1967  ,2490875,Michigan
1968  ,2627315,Michigan
1969  ,2734264,Michigan
1970  ,2702538,Michigan
1971  ,2798196,Michigan
1972  ,2970324,Michigan
1973  ,3060405,Michigan
1974  ,2916310,Michigan
1975  ,2865742,Michigan
1976  ,2983999,Michigan
1977  ,2873174,Michigan
1978  ,2942354,Michigan
1979  ,2923445,Michigan
1980  ,2824417,Michigan
1981  ,2673062,Michigan
1982  ,2525049,Michigan
1983  ,2521430,Michigan
1984  ,2597220,Michigan
1985  ,2634458,Michigan
1986  ,2651892,Michigan
1987  ,2639558,Michigan
1988  ,2812015,Michigan
1989  ,2845535,Michigan
1990  ,2873329,Michigan
1991  ,2806614,Michigan
1992  ,2854945,Michigan
1993  ,2851029,Michigan
1994  ,2871612,Michigan
1995  ,2997508,Michigan
1996  ,3098656,Michigan
1997  ,3098949,Michigan
1998  ,3036610,Michigan
1999  ,3201410,Michigan
2000  ,3200039,Michigan
2001  ,3082678,Michigan
2002  ,3138618,Michigan
2003  ,3178592,Michigan
2004  ,3142544,Michigan
2005  ,3194370,Michigan
2006  ,3025532,Michigan
2007  ,3021665,Michigan
2008  ,2914785,Michigan
2009  ,2690299,Michigan
2010  ,2751881,Michigan
2011  ,2786792,Michigan
2012  ,2687014,Michigan
2013  ,2836296,Michigan
2014  ,2882468,Michigan
2015  ,2792587,Michigan
2016  ,2770119,Michigan
2017  ,2774458,Michigan
1960  ,723031,Minnesota
1961  ,728237,Minnesota
1962  ,766680,Minnesota
1963  ,775637,Minnesota
1964  ,816048,Minnesota
1965  ,865284,Minnesota
1966  ,922187,Minnesota
1967  ,929413,Minnesota
1968  ,991475,Minnesota
1969  ,1081915,Minnesota
1970  ,1107892,Minnesota
1971  ,1148516,Minnesota
1972  ,1209799,Minnesota
1973  ,1257708,Minnesota
1974  ,1237566,Minnesota
1975  ,1246041,Minnesota
1976  ,1293627,Minnesota
1977  ,1257346,Minnesota
1978  ,1350594,Minnesota
1979  ,1350455,Minnesota
1980  ,1224226,Minnesota
1981  ,1176563,Minnesota
1982  ,1187287,Minnesota
1983  ,1190390,Minnesota
1984  ,1251746,Minnesota
1985  ,1258254,Minnesota
1986  ,1245900,Minnesota
1987  ,1251390,Minnesota
1988  ,1355217,Minnesota
1989  ,1392696,Minnesota
1990  ,1400741,Minnesota
1991  ,1427437,Minnesota
1992  ,1441091,Minnesota
1993  ,1487515,Minnesota
1994  ,1523934,Minnesota
1995  ,1608278,Minnesota
1996  ,1679242,Minnesota
1997  ,1648802,Minnesota
1998  ,1625618,Minnesota
1999  ,1698834,Minnesota
2000  ,1749574,Minnesota
2001  ,1721114,Minnesota
2002  ,1785370,Minnesota
2003  ,1864039,Minnesota
2004  ,1864114,Minnesota
2005  ,1858201,Minnesota
2006  ,1831839,Minnesota
2007  ,1894178,Minnesota
2008  ,1911214,Minnesota
2009  ,1786157,Minnesota
2010  ,1863145,Minnesota
2011  ,1856980,Minnesota
2012  ,1826122,Minnesota
2013  ,1867869,Minnesota
2014  ,1923401,Minnesota
2015  ,1790246,Minnesota
2016  ,1812904,Minnesota
2017  ,1834246,Minnesota
1960  ,899857,Missouri
1961  ,898673,Missouri
1962  ,939806,Missouri
1963  ,954239,Missouri
1964  ,989314,Missouri
1965  ,1043038,Missouri
1966  ,1102147,Missouri
1967  ,1132505,Missouri
1968  ,1211237,Missouri
1969  ,1265602,Missouri
1970  ,1309269,Missouri
1971  ,1326842,Missouri
1972  ,1383498,Missouri
1973  ,1418725,Missouri
1974  ,1399043,Missouri
1975  ,1412553,Missouri
1976  ,1471585,Missouri
1977  ,1505717,Missouri
1978  ,1556126,Missouri
1979  ,1530220,Missouri
1980  ,1422627,Missouri
1981  ,1364588,Missouri
1982  ,1361929,Missouri
1983  ,1364968,Missouri
1984  ,1382791,Missouri
1985  ,1405803,Missouri
1986  ,1407765,Missouri
1987  ,1430886,Missouri
1988  ,1500220,Missouri
1989  ,1511766,Missouri
1990  ,1483468,Missouri
1991  ,1517029,Missouri
1992  ,1507429,Missouri
1993  ,1618739,Missouri
1994  ,1630375,Missouri
1995  ,1687615,Missouri
1996  ,1773784,Missouri
1997  ,1770667,Missouri
1998  ,1815633,Missouri
1999  ,1855308,Missouri
2000  ,1795642,Missouri
2001  ,1829456,Missouri
2002  ,1843663,Missouri
2003  ,1849830,Missouri
2004  ,1860748,Missouri
2005  ,1948785,Missouri
2006  ,1932594,Missouri
2007  ,1984434,Missouri
2008  ,1948066,Missouri
2009  ,1842783,Missouri
2010  ,1914840,Missouri
2011  ,1858946,Missouri
2012  ,1780990,Missouri
2013  ,1845175,Missouri
2014  ,1906051,Missouri
2015  ,1822804,Missouri
2016  ,1766707,Missouri
2017  ,1726241,Missouri
1960  ,404939,Mississippi
1961  ,411387,Mississippi
1962  ,438300,Mississippi
1963  ,473278,Mississippi
1964  ,513324,Mississippi
1965  ,511644,Mississippi
1966  ,566410,Mississippi
1967  ,579960,Mississippi
1968  ,645521,Mississippi
1969  ,684793,Mississippi
1970  ,746912,Mississippi
1971  ,786107,Mississippi
1972  ,830744,Mississippi
1973  ,847974,Mississippi
1974  ,817314,Mississippi
1975  ,771990,Mississippi
1976  ,778923,Mississippi
1977  ,819170,Mississippi
1978  ,849268,Mississippi
1979  ,877571,Mississippi
1980  ,833876,Mississippi
1981  ,817881,Mississippi
1982  ,814290,Mississippi
1983  ,819939,Mississippi
1984  ,858698,Mississippi
1985  ,837167,Mississippi
1986  ,846367,Mississippi
1987  ,868802,Mississippi
1988  ,917601,Mississippi
1989  ,959292,Mississippi
1990  ,1028502,Mississippi
1991  ,1054459,Mississippi
1992  ,1079176,Mississippi
1993  ,1087525,Mississippi
1994  ,1100904,Mississippi
1995  ,1128160,Mississippi
1996  ,1153880,Mississippi
1997  ,1152892,Mississippi
1998  ,1144864,Mississippi
1999  ,1239366,Mississippi
2000  ,1246924,Mississippi
2001  ,1134614,Mississippi
2002  ,1176881,Mississippi
2003  ,1209214,Mississippi
2004  ,1212299,Mississippi
2005  ,1168021,Mississippi
2006  ,1212371,Mississippi
2007  ,1224582,Mississippi
2008  ,1165694,Mississippi
2009  ,1111692,Mississippi
2010  ,1179995,Mississippi
2011  ,1157923,Mississippi
2012  ,1144777,Mississippi
2013  ,1139932,Mississippi
2014  ,1159665,Mississippi
2015  ,1138118,Mississippi
2016  ,1162220,Mississippi
2017  ,1177768,Mississippi
1960  ,227460,Montana
1961  ,241691,Montana
1962  ,248275,Montana
1963  ,252510,Montana
1964  ,263813,Montana
1965  ,258824,Montana
1966  ,275598,Montana
1967  ,260368,Montana
1968  ,280467,Montana
1969  ,314298,Montana
1970  ,322784,Montana
1971  ,333934,Montana
1972  ,342383,Montana
1973  ,347660,Montana
1974  ,351944,Montana
1975  ,345409,Montana
1976  ,365130,Montana
1977  ,361105,Montana
1978  ,383374,Montana
1979  ,397177,Montana
1980  ,360216,Montana
1981  ,337187,Montana
1982  ,316999,Montana
1983  ,323449,Montana
1984  ,359490,Montana
1985  ,370198,Montana
1986  ,352552,Montana
1987  ,329241,Montana
1988  ,341806,Montana
1989  ,351807,Montana
1990  ,347472,Montana
1991  ,352416,Montana
1992  ,346127,Montana
1993  ,364199,Montana
1994  ,368375,Montana
1995  ,388345,Montana
1996  ,394493,Montana
1997  ,365367,Montana
1998  ,387928,Montana
1999  ,393216,Montana
2000  ,407328,Montana
2001  ,355696,Montana
2002  ,378964,Montana
2003  ,377063,Montana
2004  ,399048,Montana
2005  ,419478,Montana
2006  ,439103,Montana
2007  ,469893,Montana
2008  ,456678,Montana
2009  ,427058,Montana
2010  ,402053,Montana
2011  ,403202,Montana
2012  ,395970,Montana
2013  ,406672,Montana
2014  ,405407,Montana
2015  ,404183,Montana
2016  ,405602,Montana
2017  ,421439,Montana
1960  ,826470,North Carolina
1961  ,858960,North Carolina
1962  ,902745,North Carolina
1963  ,930073,North Carolina
1964  ,967053,North Carolina
1965  ,1000435,North Carolina
1966  ,1089558,North Carolina
1967  ,1137963,North Carolina
1968  ,1211104,North Carolina
1969  ,1281029,North Carolina
1970  ,1342676,North Carolina
1971  ,1403918,North Carolina
1972  ,1480269,North Carolina
1973  ,1551096,North Carolina
1974  ,1501847,North Carolina
1975  ,1458782,North Carolina
1976  ,1558503,North Carolina
1977  ,1633866,North Carolina
1978  ,1665364,North Carolina
1979  ,1730521,North Carolina
1980  ,1667382,North Carolina
1981  ,1629516,North Carolina
1982  ,1592073,North Carolina
1983  ,1668995,North Carolina
1984  ,1800225,North Carolina
1985  ,1797051,North Carolina
1986  ,1879993,North Carolina
1987  ,1966269,North Carolina
1988  ,2044646,North Carolina
1989  ,2064537,North Carolina
1990  ,2055247,North Carolina
1991  ,2034967,North Carolina
1992  ,2129600,North Carolina
1993  ,2215853,North Carolina
1994  ,2243414,North Carolina
1995  ,2356456,North Carolina
1996  ,2442905,North Carolina
1997  ,2420159,North Carolina
1998  ,2463893,North Carolina
1999  ,2473188,North Carolina
2000  ,2587792,North Carolina
2001  ,2534318,North Carolina
2002  ,2556856,North Carolina
2003  ,2576431,North Carolina
2004  ,2650199,North Carolina
2005  ,2677722,North Carolina
2006  ,2622042,North Carolina
2007  ,2686099,North Carolina
2008  ,2698642,North Carolina
2009  ,2556978,North Carolina
2010  ,2695352,North Carolina
2011  ,2569759,North Carolina
2012  ,2488297,North Carolina
2013  ,2537757,North Carolina
2014  ,2570541,North Carolina
2015  ,2535053,North Carolina
2016  ,2547890,North Carolina
2017  ,2503887,North Carolina
1960  ,159415,North Dakota
1961  ,154763,North Dakota
1962  ,164872,North Dakota
1963  ,170619,North Dakota
1964  ,172006,North Dakota
1965  ,169405,North Dakota
1966  ,180786,North Dakota
1967  ,185106,North Dakota
1968  ,191968,North Dakota
1969  ,192560,North Dakota
1970  ,191117,North Dakota
1971  ,195302,North Dakota
1972  ,203742,North Dakota
1973  ,202197,North Dakota
1974  ,204358,North Dakota
1975  ,206515,North Dakota
1976  ,210442,North Dakota
1977  ,210359,North Dakota
1978  ,230012,North Dakota
1979  ,237989,North Dakota
1980  ,222373,North Dakota
1981  ,236161,North Dakota
1982  ,234682,North Dakota
1983  ,230477,North Dakota
1984  ,259557,North Dakota
1985  ,300438,North Dakota
1986  ,303900,North Dakota
1987  ,302940,North Dakota
1988  ,306556,North Dakota
1989  ,319110,North Dakota
1990  ,312429,North Dakota
1991  ,322310,North Dakota
1992  ,328612,North Dakota
1993  ,331542,North Dakota
1994  ,341308,North Dakota
1995  ,349465,North Dakota
1996  ,352427,North Dakota
1997  ,358832,North Dakota
1998  ,346952,North Dakota
1999  ,374506,North Dakota
2000  ,380598,North Dakota
2001  ,406225,North Dakota
2002  ,399980,North Dakota
2003  ,399476,North Dakota
2004  ,403042,North Dakota
2005  ,408105,North Dakota
2006  ,414433,North Dakota
2007  ,437239,North Dakota
2008  ,443778,North Dakota
2009  ,435054,North Dakota
2010  ,476763,North Dakota
2011  ,529749,North Dakota
2012  ,553772,North Dakota
2013  ,595035,North Dakota
2014  ,644962,North Dakota
2015  ,612497,North Dakota
2016  ,586825,North Dakota
2017  ,631776,North Dakota
1960  ,307836,Nebraska
1961  ,314944,Nebraska
1962  ,327421,Nebraska
1963  ,334977,Nebraska
1964  ,347076,Nebraska
1965  ,348616,Nebraska
1966  ,389146,Nebraska
1967  ,385223,Nebraska
1968  ,422750,Nebraska
1969  ,455912,Nebraska
1970  ,487481,Nebraska
1971  ,496173,Nebraska
1972  ,509525,Nebraska
1973  ,522129,Nebraska
1974  ,518540,Nebraska
1975  ,525658,Nebraska
1976  ,554831,Nebraska
1977  ,556876,Nebraska
1978  ,556658,Nebraska
1979  ,545126,Nebraska
1980  ,507068,Nebraska
1981  ,477613,Nebraska
1982  ,492029,Nebraska
1983  ,502801,Nebraska
1984  ,506451,Nebraska
1985  ,499912,Nebraska
1986  ,482525,Nebraska
1987  ,495732,Nebraska
1988  ,535116,Nebraska
1989  ,533925,Nebraska
1990  ,525308,Nebraska
1991  ,534720,Nebraska
1992  ,523410,Nebraska
1993  ,551179,Nebraska
1994  ,574735,Nebraska
1995  ,603029,Nebraska
1996  ,634394,Nebraska
1997  ,647540,Nebraska
1998  ,664048,Nebraska
1999  ,654171,Nebraska
2000  ,655874,Nebraska
2001  ,653448,Nebraska
2002  ,664606,Nebraska
2003  ,673511,Nebraska
2004  ,685988,Nebraska
2005  ,693602,Nebraska
2006  ,709964,Nebraska
2007  ,757050,Nebraska
2008  ,795357,Nebraska
2009  ,778863,Nebraska
2010  ,861617,Nebraska
2011  ,863554,Nebraska
2012  ,853389,Nebraska
2013  ,872746,Nebraska
2014  ,870152,Nebraska
2015  ,853843,Nebraska
2016  ,868363,Nebraska
2017  ,876152,Nebraska
1960  ,112158,New Hampshire
1961  ,119931,New Hampshire
1962  ,128225,New Hampshire
1963  ,133691,New Hampshire
1964  ,133091,New Hampshire
1965  ,131247,New Hampshire
1966  ,144764,New Hampshire
1967  ,149526,New Hampshire
1968  ,159459,New Hampshire
1969  ,176217,New Hampshire
1970  ,186601,New Hampshire
1971  ,201058,New Hampshire
1972  ,212305,New Hampshire
1973  ,216617,New Hampshire
1974  ,206500,New Hampshire
1975  ,201882,New Hampshire
1976  ,226976,New Hampshire
1977  ,230352,New Hampshire
1978  ,233236,New Hampshire
1979  ,210760,New Hampshire
1980  ,208260,New Hampshire
1981  ,200294,New Hampshire
1982  ,201336,New Hampshire
1983  ,204533,New Hampshire
1984  ,224289,New Hampshire
1985  ,233475,New Hampshire
1986  ,252309,New Hampshire
1987  ,273261,New Hampshire
1988  ,273541,New Hampshire
1989  ,272775,New Hampshire
1990  ,267416,New Hampshire
1991  ,252203,New Hampshire
1992  ,261547,New Hampshire
1993  ,261308,New Hampshire
1994  ,264405,New Hampshire
1995  ,267217,New Hampshire
1996  ,279649,New Hampshire
1997  ,279148,New Hampshire
1998  ,282018,New Hampshire
1999  ,291962,New Hampshire
2000  ,309318,New Hampshire
2001  ,306156,New Hampshire
2002  ,316032,New Hampshire
2003  ,325224,New Hampshire
2004  ,331782,New Hampshire
2005  ,324933,New Hampshire
2006  ,306183,New Hampshire
2007  ,309038,New Hampshire
2008  ,301443,New Hampshire
2009  ,297986,New Hampshire
2010  ,297207,New Hampshire
2011  ,295370,New Hampshire
2012  ,285241,New Hampshire
2013  ,305283,New Hampshire
2014  ,312020,New Hampshire
2015  ,314894,New Hampshire
2016  ,305913,New Hampshire
2017  ,317383,New Hampshire
1960  ,1301938,New Jersey
1961  ,1361749,New Jersey
1962  ,1460847,New Jersey
1963  ,1501224,New Jersey
1964  ,1538414,New Jersey
1965  ,1569751,New Jersey
1966  ,1667786,New Jersey
1967  ,1768292,New Jersey
1968  ,1841016,New Jersey
1969  ,1896202,New Jersey
1970  ,1977939,New Jersey
1971  ,1970817,New Jersey
1972  ,2079998,New Jersey
1973  ,2122047,New Jersey
1974  ,1981582,New Jersey
1975  ,1883779,New Jersey
1976  ,2070578,New Jersey
1977  ,2005608,New Jersey
1978  ,2020375,New Jersey
1979  ,2032650,New Jersey
1980  ,2042226,New Jersey
1981  ,2026137,New Jersey
1982  ,2064991,New Jersey
1983  ,2087571,New Jersey
1984  ,2184942,New Jersey
1985  ,2137379,New Jersey
1986  ,2200878,New Jersey
1987  ,2276016,New Jersey
1988  ,2293960,New Jersey
1989  ,2354787,New Jersey
1990  ,2245482,New Jersey
1991  ,2274398,New Jersey
1992  ,2357058,New Jersey
1993  ,2365707,New Jersey
1994  ,2480478,New Jersey
1995  ,2476214,New Jersey
1996  ,2479470,New Jersey
1997  ,2499687,New Jersey
1998  ,2449617,New Jersey
1999  ,2561235,New Jersey
2000  ,2471918,New Jersey
2001  ,2447508,New Jersey
2002  ,2479567,New Jersey
2003  ,2508931,New Jersey
2004  ,2554070,New Jersey
2005  ,2652450,New Jersey
2006  ,2533440,New Jersey
2007  ,2666402,New Jersey
2008  ,2594344,New Jersey
2009  ,2372754,New Jersey
2010  ,2411758,New Jersey
2011  ,2425250,New Jersey
2012  ,2249421,New Jersey
2013  ,2317278,New Jersey
2014  ,2351522,New Jersey
2015  ,2295151,New Jersey
2016  ,2213446,New Jersey
2017  ,2136452,New Jersey
1960  ,328439,New Mexico
1961  ,340085,New Mexico
1962  ,376092,New Mexico
1963  ,370467,New Mexico
1964  ,365774,New Mexico
1965  ,353197,New Mexico
1966  ,375974,New Mexico
1967  ,407731,New Mexico
1968  ,436306,New Mexico
1969  ,429135,New Mexico
1970  ,458694,New Mexico
1971  ,469511,New Mexico
1972  ,501736,New Mexico
1973  ,477784,New Mexico
1974  ,476488,New Mexico
1975  ,459396,New Mexico
1976  ,508860,New Mexico
1977  ,473306,New Mexico
1978  ,475173,New Mexico
1979  ,480612,New Mexico
1980  ,480615,New Mexico
1981  ,472741,New Mexico
1982  ,465226,New Mexico
1983  ,472744,New Mexico
1984  ,474648,New Mexico
1985  ,466444,New Mexico
1986  ,454881,New Mexico
1987  ,485504,New Mexico
1988  ,510363,New Mexico
1989  ,535009,New Mexico
1990  ,595763,New Mexico
1991  ,588050,New Mexico
1992  ,585580,New Mexico
1993  ,600711,New Mexico
1994  ,588508,New Mexico
1995  ,579994,New Mexico
1996  ,602611,New Mexico
1997  ,641637,New Mexico
1998  ,633229,New Mexico
1999  ,636567,New Mexico
2000  ,660091,New Mexico
2001  ,658817,New Mexico
2002  ,656346,New Mexico
2003  ,657701,New Mexico
2004  ,681483,New Mexico
2005  ,680147,New Mexico
2006  ,686974,New Mexico
2007  ,715359,New Mexico
2008  ,677369,New Mexico
2009  ,644529,New Mexico
2010  ,652066,New Mexico
2011  ,670413,New Mexico
2012  ,667297,New Mexico
2013  ,670662,New Mexico
2014  ,680425,New Mexico
2015  ,680111,New Mexico
2016  ,672830,New Mexico
2017  ,683489,New Mexico
1960  ,90994,Nevada
1961  ,104789,Nevada
1962  ,112985,Nevada
1963  ,123243,Nevada
1964  ,133731,Nevada
1965  ,130174,Nevada
1966  ,144957,Nevada
1967  ,150718,Nevada
1968  ,163400,Nevada
1969  ,176999,Nevada
1970  ,190122,Nevada
1971  ,201661,Nevada
1972  ,217655,Nevada
1973  ,233459,Nevada
1974  ,233766,Nevada
1975  ,238093,Nevada
1976  ,250239,Nevada
1977  ,256716,Nevada
1978  ,282200,Nevada
1979  ,296498,Nevada
1980  ,291313,Nevada
1981  ,286208,Nevada
1982  ,290160,Nevada
1983  ,300667,Nevada
1984  ,300567,Nevada
1985  ,302688,Nevada
1986  ,303314,Nevada
1987  ,330578,Nevada
1988  ,353306,Nevada
1989  ,389011,Nevada
1990  ,403029,Nevada
1991  ,415712,Nevada
1992  ,429520,Nevada
1993  ,453426,Nevada
1994  ,491136,Nevada
1995  ,505745,Nevada
1996  ,550731,Nevada
1997  ,555057,Nevada
1998  ,574083,Nevada
1999  ,594429,Nevada
2000  ,614707,Nevada
2001  ,621969,Nevada
2002  ,614735,Nevada
2003  ,639545,Nevada
2004  ,673679,Nevada
2005  ,698333,Nevada
2006  ,739692,Nevada
2007  ,732978,Nevada
2008  ,697145,Nevada
2009  ,651348,Nevada
2010  ,646730,Nevada
2011  ,633139,Nevada
2012  ,639066,Nevada
2013  ,659344,Nevada
2014  ,661974,Nevada
2015  ,651374,Nevada
2016  ,680140,Nevada
2017  ,706309,Nevada
1960  ,2989032,New York
1961  ,3093838,New York
1962  ,3238540,New York
1963  ,3305923,New York
1964  ,3382126,New York
1965  ,3664673,New York
1966  ,3867170,New York
1967  ,3955831,New York
1968  ,4052442,New York
1969  ,4200652,New York
1970  ,4303439,New York
1971  ,4251263,New York
1972  ,4269847,New York
1973  ,4419080,New York
1974  ,4128073,New York
1975  ,3925249,New York
1976  ,4224994,New York
1977  ,4195220,New York
1978  ,4195842,New York
1979  ,3972800,New York
1980  ,3863274,New York
1981  ,3673745,New York
1982  ,3529658,New York
1983  ,3353921,New York
1984  ,3403950,New York
1985  ,3508528,New York
1986  ,3554662,New York
1987  ,3658508,New York
1988  ,3748830,New York
1989  ,3771097,New York
1990  ,3735420,New York
1991  ,3672144,New York
1992  ,3755436,New York
1993  ,3779999,New York
1994  ,3715646,New York
1995  ,3763256,New York
1996  ,3914760,New York
1997  ,3985274,New York
1998  ,3910799,New York
1999  ,4030405,New York
2000  ,4109201,New York
2001  ,3992657,New York
2002  ,4001875,New York
2003  ,4135987,New York
2004  ,4235201,New York
2005  ,4127829,New York
2006  ,3829396,New York
2007  ,3955435,New York
2008  ,3873102,New York
2009  ,3698667,New York
2010  ,3728591,New York
2011  ,3615327,New York
2012  ,3504433,New York
2013  ,3626918,New York
2014  ,3752503,New York
2015  ,3750483,New York
2016  ,3685575,New York
2017  ,3680869,New York
1960  ,2994711,Ohio
1961  ,2898735,Ohio
1962  ,3036395,Ohio
1963  ,3113988,Ohio
1964  ,3215365,Ohio
1965  ,3369016,Ohio
1966  ,3539868,Ohio
1967  ,3543981,Ohio
1968  ,3710053,Ohio
1969  ,3856077,Ohio
1970  ,3932645,Ohio
1971  ,3871518,Ohio
1972  ,4125705,Ohio
1973  ,4218370,Ohio
1974  ,4198106,Ohio
1975  ,3979902,Ohio
1976  ,4208900,Ohio
1977  ,4198403,Ohio
1978  ,4275771,Ohio
1979  ,4261990,Ohio
1980  ,3950811,Ohio
1981  ,3848330,Ohio
1982  ,3507765,Ohio
1983  ,3444507,Ohio
1984  ,3646301,Ohio
1985  ,3622387,Ohio
1986  ,3591701,Ohio
1987  ,3708183,Ohio
1988  ,3844211,Ohio
1989  ,3953736,Ohio
1990  ,3770087,Ohio
1991  ,3767045,Ohio
1992  ,3804977,Ohio
1993  ,3855966,Ohio
1994  ,3970867,Ohio
1995  ,4040295,Ohio
1996  ,4129487,Ohio
1997  ,4111640,Ohio
1998  ,4011629,Ohio
1999  ,4168738,Ohio
2000  ,4202425,Ohio
2001  ,3948907,Ohio
2002  ,3893635,Ohio
2003  ,3960004,Ohio
2004  ,3994534,Ohio
2005  ,4025021,Ohio
2006  ,3869477,Ohio
2007  ,4047356,Ohio
2008  ,3998462,Ohio
2009  ,3666472,Ohio
2010  ,3830989,Ohio
2011  ,3798371,Ohio
2012  ,3658715,Ohio
2013  ,3734609,Ohio
2014  ,3834383,Ohio
2015  ,3745850,Ohio
2016  ,3695455,Ohio
2017  ,3645703,Ohio
1960  ,580906,Oklahoma
1961  ,582692,Oklahoma
1962  ,692041,Oklahoma
1963  ,768636,Oklahoma
1964  ,802725,Oklahoma
1965  ,774367,Oklahoma
1966  ,744879,Oklahoma
1967  ,763519,Oklahoma
1968  ,843549,Oklahoma
1969  ,886447,Oklahoma
1970  ,939226,Oklahoma
1971  ,965680,Oklahoma
1972  ,1019204,Oklahoma
1973  ,1024152,Oklahoma
1974  ,1064042,Oklahoma
1975  ,1070091,Oklahoma
1976  ,1162766,Oklahoma
1977  ,1224894,Oklahoma
1978  ,1266603,Oklahoma
1979  ,1322376,Oklahoma
1980  ,1213993,Oklahoma
1981  ,1248960,Oklahoma
1982  ,1318075,Oklahoma
1983  ,1316946,Oklahoma
1984  ,1322507,Oklahoma
1985  ,1297798,Oklahoma
1986  ,1203182,Oklahoma
1987  ,1256837,Oklahoma
1988  ,1291311,Oklahoma
1989  ,1325070,Oklahoma
1990  ,1382653,Oklahoma
1991  ,1315793,Oklahoma
1992  ,1330177,Oklahoma
1993  ,1388934,Oklahoma
1994  ,1393746,Oklahoma
1995  ,1368422,Oklahoma
1996  ,1428665,Oklahoma
1997  ,1434069,Oklahoma
1998  ,1436479,Oklahoma
1999  ,1417383,Oklahoma
2000  ,1473734,Oklahoma
2001  ,1494608,Oklahoma
2002  ,1446465,Oklahoma
2003  ,1475978,Oklahoma
2004  ,1464767,Oklahoma
2005  ,1515574,Oklahoma
2006  ,1555092,Oklahoma
2007  ,1571276,Oklahoma
2008  ,1581517,Oklahoma
2009  ,1492316,Oklahoma
2010  ,1582391,Oklahoma
2011  ,1588095,Oklahoma
2012  ,1563998,Oklahoma
2013  ,1622980,Oklahoma
2014  ,1685566,Oklahoma
2015  ,1632954,Oklahoma
2016  ,1635915,Oklahoma
2017  ,1646680,Oklahoma
1960  ,470579,Oregon
1961  ,485140,Oregon
1962  ,509385,Oregon
1963  ,527201,Oregon
1964  ,578504,Oregon
1965  ,591834,Oregon
1966  ,630433,Oregon
1967  ,646405,Oregon
1968  ,691620,Oregon
1969  ,733064,Oregon
1970  ,752924,Oregon
1971  ,796879,Oregon
1972  ,837435,Oregon
1973  ,854962,Oregon
1974  ,837588,Oregon
1975  ,867638,Oregon
1976  ,885915,Oregon
1977  ,885093,Oregon
1978  ,951139,Oregon
1979  ,977131,Oregon
1980  ,945029,Oregon
1981  ,939039,Oregon
1982  ,905941,Oregon
1983  ,868020,Oregon
1984  ,936508,Oregon
1985  ,913873,Oregon
1986  ,895457,Oregon
1987  ,940455,Oregon
1988  ,991005,Oregon
1989  ,999506,Oregon
1990  ,978110,Oregon
1991  ,1009616,Oregon
1992  ,1001923,Oregon
1993  ,1019599,Oregon
1994  ,1033185,Oregon
1995  ,1040836,Oregon
1996  ,1085249,Oregon
1997  ,1096392,Oregon
1998  ,1107618,Oregon
1999  ,1132885,Oregon
2000  ,1116714,Oregon
2001  ,1027577,Oregon
2002  ,1023215,Oregon
2003  ,1001580,Oregon
2004  ,999636,Oregon
2005  ,1036101,Oregon
2006  ,1071726,Oregon
2007  ,1061979,Oregon
2008  ,1046619,Oregon
2009  ,1012795,Oregon
2010  ,981312,Oregon
2011  ,1007805,Oregon
2012  ,978245,Oregon
2013  ,996259,Oregon
2014  ,992968,Oregon
2015  ,970888,Oregon
2016  ,987721,Oregon
2017  ,1032008,Oregon
1960  ,3253214,Pennsylvania
1961  ,3146037,Pennsylvania
1962  ,3255423,Pennsylvania
1963  ,3391013,Pennsylvania
1964  ,3588928,Pennsylvania
1965  ,3731977,Pennsylvania
1966  ,3831882,Pennsylvania
1967  ,3816103,Pennsylvania
1968  ,3959290,Pennsylvania
1969  ,3982119,Pennsylvania
1970  ,4106916,Pennsylvania
1971  ,4044955,Pennsylvania
1972  ,4187795,Pennsylvania
1973  ,4294356,Pennsylvania
1974  ,4124018,Pennsylvania
1975  ,3913887,Pennsylvania
1976  ,4164173,Pennsylvania
1977  ,4127190,Pennsylvania
1978  ,4128436,Pennsylvania
1979  ,4249658,Pennsylvania
1980  ,3996299,Pennsylvania
1981  ,3809830,Pennsylvania
1982  ,3363346,Pennsylvania
1983  ,3377212,Pennsylvania
1984  ,3604664,Pennsylvania
1985  ,3434064,Pennsylvania
1986  ,3378296,Pennsylvania
1987  ,3551982,Pennsylvania
1988  ,3713946,Pennsylvania
1989  ,3738812,Pennsylvania
1990  ,3635723,Pennsylvania
1991  ,3572793,Pennsylvania
1992  ,3675538,Pennsylvania
1993  ,3746347,Pennsylvania
1994  ,3820034,Pennsylvania
1995  ,3877821,Pennsylvania
1996  ,3911513,Pennsylvania
1997  ,3875116,Pennsylvania
1998  ,3715245,Pennsylvania
1999  ,3752079,Pennsylvania
2000  ,3925984,Pennsylvania
2001  ,3833064,Pennsylvania
2002  ,3893246,Pennsylvania
2003  ,3942917,Pennsylvania
2004  ,3989867,Pennsylvania
2005  ,4012421,Pennsylvania
2006  ,3883806,Pennsylvania
2007  ,3960376,Pennsylvania
2008  ,3940381,Pennsylvania
2009  ,3625608,Pennsylvania
2010  ,3756514,Pennsylvania
2011  ,3729309,Pennsylvania
2012  ,3621608,Pennsylvania
2013  ,3828245,Pennsylvania
2014  ,3955145,Pennsylvania
2015  ,3872175,Pennsylvania
2016  ,3760988,Pennsylvania
2017  ,3810462,Pennsylvania
1960  ,187082,Rhode Island
1961  ,172905,Rhode Island
1962  ,180862,Rhode Island
1963  ,180600,Rhode Island
1964  ,178156,Rhode Island
1965  ,173485,Rhode Island
1966  ,175290,Rhode Island
1967  ,193450,Rhode Island
1968  ,197936,Rhode Island
1969  ,210703,Rhode Island
1970  ,222536,Rhode Island
1971  ,235513,Rhode Island
1972  ,236763,Rhode Island
1973  ,231946,Rhode Island
1974  ,215591,Rhode Island
1975  ,206221,Rhode Island
1976  ,215504,Rhode Island
1977  ,223147,Rhode Island
1978  ,212617,Rhode Island
1979  ,201339,Rhode Island
1980  ,185615,Rhode Island
1981  ,175209,Rhode Island
1982  ,174887,Rhode Island
1983  ,180973,Rhode Island
1984  ,192232,Rhode Island
1985  ,204275,Rhode Island
1986  ,206204,Rhode Island
1987  ,215862,Rhode Island
1988  ,223279,Rhode Island
1989  ,216864,Rhode Island
1990  ,212689,Rhode Island
1991  ,218147,Rhode Island
1992  ,244586,Rhode Island
1993  ,201720,Rhode Island
1994  ,238889,Rhode Island
1995  ,227806,Rhode Island
1996  ,218544,Rhode Island
1997  ,216194,Rhode Island
1998  ,225042,Rhode Island
1999  ,224362,Rhode Island
2000  ,202476,Rhode Island
2001  ,201805,Rhode Island
2002  ,200789,Rhode Island
2003  ,216040,Rhode Island
2004  ,213931,Rhode Island
2005  ,207316,Rhode Island
2006  ,198412,Rhode Island
2007  ,198296,Rhode Island
2008  ,194315,Rhode Island
2009  ,194850,Rhode Island
2010  ,195504,Rhode Island
2011  ,185912,Rhode Island
2012  ,183917,Rhode Island
2013  ,199076,Rhode Island
2014  ,204878,Rhode Island
2015  ,203300,Rhode Island
2016  ,186126,Rhode Island
2017  ,183841,Rhode Island
1960  ,489216,South Carolina
1961  ,507093,South Carolina
1962  ,540137,South Carolina
1963  ,561023,South Carolina
1964  ,560524,South Carolina
1965  ,554319,South Carolina
1966  ,593446,South Carolina
1967  ,603092,South Carolina
1968  ,654373,South Carolina
1969  ,699204,South Carolina
1970  ,745729,South Carolina
1971  ,779638,South Carolina
1972  ,834960,South Carolina
1973  ,886118,South Carolina
1974  ,858642,South Carolina
1975  ,840874,South Carolina
1976  ,964613,South Carolina
1977  ,1000303,South Carolina
1978  ,994484,South Carolina
1979  ,984487,South Carolina
1980  ,997901,South Carolina
1981  ,1002177,South Carolina
1982  ,973134,South Carolina
1983  ,1006503,South Carolina
1984  ,1069330,South Carolina
1985  ,1076310,South Carolina
1986  ,1142219,South Carolina
1987  ,1178512,South Carolina
1988  ,1235317,South Carolina
1989  ,1243836,South Carolina
1990  ,1262871,South Carolina
1991  ,1290130,South Carolina
1992  ,1306126,South Carolina
1993  ,1361656,South Carolina
1994  ,1362611,South Carolina
1995  ,1415700,South Carolina
1996  ,1453472,South Carolina
1997  ,1500752,South Carolina
1998  ,1547408,South Carolina
1999  ,1549498,South Carolina
2000  ,1595031,South Carolina
2001  ,1547170,South Carolina
2002  ,1586193,South Carolina
2003  ,1591372,South Carolina
2004  ,1694963,South Carolina
2005  ,1667703,South Carolina
2006  ,1677474,South Carolina
2007  ,1670809,South Carolina
2008  ,1637811,South Carolina
2009  ,1573698,South Carolina
2010  ,1653893,South Carolina
2011  ,1611624,South Carolina
2012  ,1567401,South Carolina
2013  ,1602242,South Carolina
2014  ,1642099,South Carolina
2015  ,1660178,South Carolina
2016  ,1652076,South Carolina
2017  ,1643756,South Carolina
1960  ,128835,South Dakota
1961  ,131556,South Dakota
1962  ,136645,South Dakota
1963  ,140408,South Dakota
1964  ,143784,South Dakota
1965  ,140065,South Dakota
1966  ,146362,South Dakota
1967  ,145670,South Dakota
1968  ,153321,South Dakota
1969  ,159805,South Dakota
1970  ,168792,South Dakota
1971  ,170183,South Dakota
1972  ,179190,South Dakota
1973  ,176823,South Dakota
1974  ,172589,South Dakota
1975  ,181948,South Dakota
1976  ,195374,South Dakota
1977  ,196832,South Dakota
1978  ,205651,South Dakota
1979  ,204965,South Dakota
1980  ,190687,South Dakota
1981  ,178760,South Dakota
1982  ,191238,South Dakota
1983  ,185488,South Dakota
1984  ,188704,South Dakota
1985  ,194819,South Dakota
1986  ,195032,South Dakota
1987  ,195204,South Dakota
1988  ,205416,South Dakota
1989  ,214315,South Dakota
1990  ,217134,South Dakota
1991  ,213566,South Dakota
1992  ,216362,South Dakota
1993  ,229490,South Dakota
1994  ,236048,South Dakota
1995  ,239668,South Dakota
1996  ,252919,South Dakota
1997  ,242614,South Dakota
1998  ,239811,South Dakota
1999  ,245317,South Dakota
2000  ,258942,South Dakota
2001  ,251542,South Dakota
2002  ,270799,South Dakota
2003  ,275112,South Dakota
2004  ,284389,South Dakota
2005  ,302070,South Dakota
2006  ,306932,South Dakota
2007  ,330559,South Dakota
2008  ,353292,South Dakota
2009  ,363087,South Dakota
2010  ,379019,South Dakota
2011  ,378973,South Dakota
2012  ,370842,South Dakota
2013  ,390362,South Dakota
2014  ,393981,South Dakota
2015  ,385859,South Dakota
2016  ,383003,South Dakota
2017  ,385013,South Dakota
1960  ,962617,Tennessee
1961  ,978121,Tennessee
1962  ,1015575,Tennessee
1963  ,1062187,Tennessee
1964  ,1088445,Tennessee
1965  ,1137343,Tennessee
1966  ,1231562,Tennessee
1967  ,1236057,Tennessee
1968  ,1284591,Tennessee
1969  ,1340773,Tennessee
1970  ,1365610,Tennessee
1971  ,1371116,Tennessee
1972  ,1473992,Tennessee
1973  ,1614086,Tennessee
1974  ,1578503,Tennessee
1975  ,1614225,Tennessee
1976  ,1720063,Tennessee
1977  ,1779374,Tennessee
1978  ,1762976,Tennessee
1979  ,1800371,Tennessee
1980  ,1724916,Tennessee
1981  ,1693019,Tennessee
1982  ,1611851,Tennessee
1983  ,1660254,Tennessee
1984  ,1737534,Tennessee
1985  ,1711499,Tennessee
1986  ,1700016,Tennessee
1987  ,1712673,Tennessee
1988  ,1777007,Tennessee
1989  ,1829468,Tennessee
1990  ,1791963,Tennessee
1991  ,1790944,Tennessee
1992  ,1833618,Tennessee
1993  ,1865782,Tennessee
1994  ,1926862,Tennessee
1995  ,1944618,Tennessee
1996  ,2050178,Tennessee
1997  ,2027556,Tennessee
1998  ,2107975,Tennessee
1999  ,2148027,Tennessee
2000  ,2180828,Tennessee
2001  ,2196527,Tennessee
2002  ,2221804,Tennessee
2003  ,2240357,Tennessee
2004  ,2269820,Tennessee
2005  ,2315375,Tennessee
2006  ,2314365,Tennessee
2007  ,2344015,Tennessee
2008  ,2283234,Tennessee
2009  ,2084521,Tennessee
2010  ,2251552,Tennessee
2011  ,2200769,Tennessee
2012  ,2085374,Tennessee
2013  ,2137905,Tennessee
2014  ,2205500,Tennessee
2015  ,2180072,Tennessee
2016  ,2209604,Tennessee
2017  ,2167186,Tennessee
1960  ,4416216,Texas
1961  ,4447880,Texas
1962  ,4640675,Texas
1963  ,4894089,Texas
1964  ,5012683,Texas
1965  ,5212184,Texas
1966  ,5557255,Texas
1967  ,5879030,Texas
1968  ,6268911,Texas
1969  ,6656323,Texas
1970  ,6921781,Texas
1971  ,7233774,Texas
1972  ,7623194,Texas
1973  ,8241366,Texas
1974  ,8093721,Texas
1975  ,7511439,Texas
1976  ,7835920,Texas
1977  ,8475779,Texas
1978  ,8941144,Texas
1979  ,9307928,Texas
1980  ,9385532,Texas
1981  ,9147369,Texas
1982  ,8471165,Texas
1983  ,8406461,Texas
1984  ,8946242,Texas
1985  ,9011817,Texas
1986  ,9007599,Texas
1987  ,9240071,Texas
1988  ,9811771,Texas
1989  ,10093725,Texas
1990  ,10272320,Texas
1991  ,10278273,Texas
1992  ,10445158,Texas
1993  ,10554352,Texas
1994  ,10879574,Texas
1995  ,11070854,Texas
1996  ,11832246,Texas
1997  ,12237335,Texas
1998  ,12418135,Texas
1999  ,12077034,Texas
2000  ,12420851,Texas
2001  ,12200928,Texas
2002  ,12508396,Texas
2003  ,12295541,Texas
2004  ,12333678,Texas
2005  ,11858040,Texas
2006  ,11865021,Texas
2007  ,11774336,Texas
2008  ,11252089,Texas
2009  ,10883738,Texas
2010  ,11729004,Texas
2011  ,11937899,Texas
2012  ,11998270,Texas
2013  ,12786453,Texas
2014  ,12789686,Texas
2015  ,12937561,Texas
2016  ,13164852,Texas
2017  ,13424168,Texas
1960  ,303229,Utah
1961  ,300811,Utah
1962  ,310319,Utah
1963  ,311815,Utah
1964  ,334525,Utah
1965  ,339504,Utah
1966  ,350834,Utah
1967  ,345267,Utah
1968  ,365623,Utah
1969  ,395838,Utah
1970  ,397019,Utah
1971  ,415199,Utah
1972  ,428177,Utah
1973  ,457776,Utah
1974  ,473666,Utah
1975  ,480756,Utah
1976  ,510233,Utah
1977  ,486089,Utah
1978  ,510695,Utah
1979  ,526397,Utah
1980  ,504574,Utah
1981  ,478203,Utah
1982  ,467638,Utah
1983  ,491810,Utah
1984  ,504008,Utah
1985  ,500434,Utah
1986  ,470786,Utah
1987  ,462389,Utah
1988  ,526305,Utah
1989  ,537620,Utah
1990  ,535798,Utah
1991  ,565520,Utah
1992  ,551616,Utah
1993  ,577314,Utah
1994  ,587193,Utah
1995  ,636867,Utah
1996  ,666149,Utah
1997  ,680514,Utah
1998  ,703879,Utah
1999  ,694356,Utah
2000  ,738703,Utah
2001  ,708430,Utah
2002  ,688303,Utah
2003  ,698797,Utah
2004  ,729507,Utah
2005  ,759926,Utah
2006  ,778574,Utah
2007  ,780947,Utah
2008  ,768023,Utah
2009  ,742246,Utah
2010  ,757821,Utah
2011  ,795887,Utah
2012  ,791423,Utah
2013  ,832658,Utah
2014  ,800078,Utah
2015  ,803446,Utah
2016  ,812794,Utah
2017  ,829213,Utah
1960  ,851297,Virginia
1961  ,854600,Virginia
1962  ,883702,Virginia
1963  ,939691,Virginia
1964  ,969280,Virginia
1965  ,1046094,Virginia
1966  ,1116959,Virginia
1967  ,1137190,Virginia
1968  ,1197529,Virginia
1969  ,1237230,Virginia
1970  ,1279028,Virginia
1971  ,1322363,Virginia
1972  ,1375395,Virginia
1973  ,1435070,Virginia
1974  ,1382349,Virginia
1975  ,1358994,Virginia
1976  ,1443835,Virginia
1977  ,1486224,Virginia
1978  ,1515163,Virginia
1979  ,1568370,Virginia
1980  ,1530854,Virginia
1981  ,1514259,Virginia
1982  ,1501050,Virginia
1983  ,1559137,Virginia
1984  ,1636831,Virginia
1985  ,1670500,Virginia
1986  ,1756943,Virginia
1987  ,1847217,Virginia
1988  ,1921950,Virginia
1989  ,1965088,Virginia
1990  ,1963516,Virginia
1991  ,1970636,Virginia
1992  ,1995924,Virginia
1993  ,2063530,Virginia
1994  ,2086792,Virginia
1995  ,2151334,Virginia
1996  ,2208529,Virginia
1997  ,2204590,Virginia
1998  ,2230669,Virginia
1999  ,2288910,Virginia
2000  ,2385532,Virginia
2001  ,2321711,Virginia
2002  ,2352852,Virginia
2003  ,2425499,Virginia
2004  ,2549902,Virginia
2005  ,2622813,Virginia
2006  ,2566741,Virginia
2007  ,2642970,Virginia
2008  ,2544428,Virginia
2009  ,2429408,Virginia
2010  ,2491758,Virginia
2011  ,2387551,Virginia
2012  ,2348184,Virginia
2013  ,2417022,Virginia
2014  ,2435978,Virginia
2015  ,2374505,Virginia
2016  ,2332260,Virginia
2017  ,2302542,Virginia
1960  ,68554,Vermont
1961  ,71941,Vermont
1962  ,74781,Vermont
1963  ,74605,Vermont
1964  ,72070,Vermont
1965  ,83090,Vermont
1966  ,90907,Vermont
1967  ,94557,Vermont
1968  ,100490,Vermont
1969  ,106584,Vermont
1970  ,113222,Vermont
1971  ,116968,Vermont
1972  ,123917,Vermont
1973  ,126434,Vermont
1974  ,116837,Vermont
1975  ,114356,Vermont
1976  ,131790,Vermont
1977  ,129325,Vermont
1978  ,134455,Vermont
1979  ,131782,Vermont
1980  ,125793,Vermont
1981  ,120672,Vermont
1982  ,115117,Vermont
1983  ,123272,Vermont
1984  ,132836,Vermont
1985  ,134538,Vermont
1986  ,128263,Vermont
1987  ,137510,Vermont
1988  ,144630,Vermont
1989  ,142529,Vermont
1990  ,126145,Vermont
1991  ,132567,Vermont
1992  ,138294,Vermont
1993  ,136281,Vermont
1994  ,135888,Vermont
1995  ,133145,Vermont
1996  ,139994,Vermont
1997  ,144779,Vermont
1998  ,136240,Vermont
1999  ,134530,Vermont
2000  ,147384,Vermont
2001  ,147682,Vermont
2002  ,148315,Vermont
2003  ,150996,Vermont
2004  ,161071,Vermont
2005  ,159602,Vermont
2006  ,156465,Vermont
2007  ,154782,Vermont
2008  ,146366,Vermont
2009  ,156686,Vermont
2010  ,156049,Vermont
2011  ,151927,Vermont
2012  ,130720,Vermont
2013  ,137226,Vermont
2014  ,140498,Vermont
2015  ,140923,Vermont
2016  ,135805,Vermont
2017  ,134812,Vermont
1960  ,807277,Washington
1961  ,823383,Washington
1962  ,860062,Washington
1963  ,900608,Washington
1964  ,961435,Washington
1965  ,996454,Washington
1966  ,1058961,Washington
1967  ,1112762,Washington
1968  ,1210234,Washington
1969  ,1296162,Washington
1970  ,1294145,Washington
1971  ,1320979,Washington
1972  ,1462402,Washington
1973  ,1498556,Washington
1974  ,1494231,Washington
1975  ,1458166,Washington
1976  ,1506955,Washington
1977  ,1524554,Washington
1978  ,1616207,Washington
1979  ,1667783,Washington
1980  ,1636821,Washington
1981  ,1762292,Washington
1982  ,1667861,Washington
1983  ,1624957,Washington
1984  ,1724697,Washington
1985  ,1724684,Washington
1986  ,1758552,Washington
1987  ,1810437,Washington
1988  ,1947741,Washington
1989  ,2013008,Washington
1990  ,2046391,Washington
1991  ,2037067,Washington
1992  ,2072251,Washington
1993  ,2069959,Washington
1994  ,2060465,Washington
1995  ,2109349,Washington
1996  ,2093829,Washington
1997  ,2122682,Washington
1998  ,2194178,Washington
1999  ,2279810,Washington
2000  ,2210207,Washington
2001  ,1990431,Washington
2002  ,1846010,Washington
2003  ,1858449,Washington
2004  ,1919112,Washington
2005  ,1948752,Washington
2006  ,2055701,Washington
2007  ,2048805,Washington
2008  ,2041257,Washington
2009  ,2031373,Washington
2010  ,2042421,Washington
2011  ,2069382,Washington
2012  ,2044332,Washington
2013  ,2045566,Washington
2014  ,2021490,Washington
2015  ,2010043,Washington
2016  ,2074305,Washington
2017  ,2099059,Washington
1960  ,854308,Wisconsin
1961  ,877011,Wisconsin
1962  ,917963,Wisconsin
1963  ,940067,Wisconsin
1964  ,974857,Wisconsin
1965  ,1030533,Wisconsin
1966  ,1091996,Wisconsin
1967  ,1137123,Wisconsin
1968  ,1184174,Wisconsin
1969  ,1248392,Wisconsin
1970  ,1289050,Wisconsin
1971  ,1293197,Wisconsin
1972  ,1287690,Wisconsin
1973  ,1354483,Wisconsin
1974  ,1341660,Wisconsin
1975  ,1341892,Wisconsin
1976  ,1372938,Wisconsin
1977  ,1437713,Wisconsin
1978  ,1501615,Wisconsin
1979  ,1468965,Wisconsin
1980  ,1463981,Wisconsin
1981  ,1421298,Wisconsin
1982  ,1404352,Wisconsin
1983  ,1419852,Wisconsin
1984  ,1487633,Wisconsin
1985  ,1501131,Wisconsin
1986  ,1425549,Wisconsin
1987  ,1404088,Wisconsin
1988  ,1510126,Wisconsin
1989  ,1516590,Wisconsin
1990  ,1484602,Wisconsin
1991  ,1525891,Wisconsin
1992  ,1523566,Wisconsin
1993  ,1585889,Wisconsin
1994  ,1634391,Wisconsin
1995  ,1697163,Wisconsin
1996  ,1761984,Wisconsin
1997  ,1768369,Wisconsin
1998  ,1748093,Wisconsin
1999  ,1840348,Wisconsin
2000  ,1872841,Wisconsin
2001  ,1849653,Wisconsin
2002  ,1890779,Wisconsin
2003  ,1864997,Wisconsin
2004  ,1889502,Wisconsin
2005  ,1971998,Wisconsin
2006  ,1876662,Wisconsin
2007  ,1901645,Wisconsin
2008  ,1894524,Wisconsin
2009  ,1763991,Wisconsin
2010  ,1808508,Wisconsin
2011  ,1792975,Wisconsin
2012  ,1733179,Wisconsin
2013  ,1828863,Wisconsin
2014  ,1887219,Wisconsin
2015  ,1810005,Wisconsin
2016  ,1794164,Wisconsin
2017  ,1806330,Wisconsin
1960  ,617977,West Virginia
1961  ,648667,West Virginia
1962  ,656276,West Virginia
1963  ,689629,West Virginia
1964  ,729022,West Virginia
1965  ,753923,West Virginia
1966  ,771519,West Virginia
1967  ,739838,West Virginia
1968  ,807461,West Virginia
1969  ,796648,West Virginia
1970  ,795739,West Virginia
1971  ,779534,West Virginia
1972  ,828980,West Virginia
1973  ,845774,West Virginia
1974  ,841728,West Virginia
1975  ,790364,West Virginia
1976  ,826694,West Virginia
1977  ,819746,West Virginia
1978  ,807745,West Virginia
1979  ,823762,West Virginia
1980  ,788175,West Virginia
1981  ,769650,West Virginia
1982  ,713139,West Virginia
1983  ,681588,West Virginia
1984  ,717840,West Virginia
1985  ,665396,West Virginia
1986  ,668346,West Virginia
1987  ,681320,West Virginia
1988  ,726601,West Virginia
1989  ,748561,West Virginia
1990  ,704399,West Virginia
1991  ,674052,West Virginia
1992  ,687505,West Virginia
1993  ,710783,West Virginia
1994  ,736902,West Virginia
1995  ,738802,West Virginia
1996  ,711148,West Virginia
1997  ,709110,West Virginia
1998  ,736402,West Virginia
1999  ,718497,West Virginia
2000  ,738131,West Virginia
2001  ,732417,West Virginia
2002  ,756961,West Virginia
2003  ,713242,West Virginia
2004  ,736387,West Virginia
2005  ,737453,West Virginia
2006  ,760598,West Virginia
2007  ,789737,West Virginia
2008  ,776193,West Virginia
2009  ,706204,West Virginia
2010  ,751374,West Virginia
2011  ,738120,West Virginia
2012  ,730669,West Virginia
2013  ,751405,West Virginia
2014  ,781210,West Virginia
2015  ,768613,West Virginia
2016  ,762081,West Virginia
2017  ,752986,West Virginia
1960  ,141355,Wyoming
1961  ,154474,Wyoming
1962  ,173407,Wyoming
1963  ,163153,Wyoming
1964  ,163391,Wyoming
1965  ,172698,Wyoming
1966  ,180286,Wyoming
1967  ,205150,Wyoming
1968  ,225588,Wyoming
1969  ,250536,Wyoming
1970  ,255480,Wyoming
1971  ,268453,Wyoming
1972  ,286868,Wyoming
1973  ,283507,Wyoming
1974  ,278885,Wyoming
1975  ,277367,Wyoming
1976  ,300313,Wyoming
1977  ,325289,Wyoming
1978  ,354800,Wyoming
1979  ,378316,Wyoming
1980  ,362253,Wyoming
1981  ,352782,Wyoming
1982  ,363372,Wyoming
1983  ,329172,Wyoming
1984  ,351234,Wyoming
1985  ,357215,Wyoming
1986  ,335938,Wyoming
1987  ,363821,Wyoming
1988  ,370702,Wyoming
1989  ,382037,Wyoming
1990  ,399356,Wyoming
1991  ,388320,Wyoming
1992  ,421599,Wyoming
1993  ,407022,Wyoming
1994  ,408146,Wyoming
1995  ,403188,Wyoming
1996  ,415227,Wyoming
1997  ,414905,Wyoming
1998  ,421015,Wyoming
1999  ,425313,Wyoming
2000  ,427937,Wyoming
2001  ,438344,Wyoming
2002  ,438700,Wyoming
2003  ,461304,Wyoming
2004  ,450718,Wyoming
2005  ,456025,Wyoming
2006  ,480339,Wyoming
2007  ,523564,Wyoming
2008  ,538334,Wyoming
2009  ,524120,Wyoming
2010  ,541763,Wyoming
2011  ,558021,Wyoming
2012  ,551135,Wyoming
2013  ,540274,Wyoming
2014  ,537553,Wyoming
2015  ,507953,Wyoming
2016  ,506409,Wyoming
2017  ,537246,Wyoming
